,A,HG,HT,TR,CTH,BD,VH,CTQ,DQT,KS,CVN
0,1.jpg,1,0,1,1,0,0,0,0,0,0
1,2.jpg,1,0,0,1,0,0,0,0,0,0
2,3.jpg,1,0,0,1,0,0,0,0,0,0
3,4.jpg,1,0,0,1,0,0,0,0,0,0
4,5.jpg,1,0,0,1,0,0,0,0,0,0
5,6.jpg,1,0,1,0,0,0,0,0,0,0
6,7.jpg,1,0,0,1,0,0,0,0,0,0
7,8.jpg,1,0,0,1,0,0,0,0,0,0
8,9.jpg,1,0,0,1,0,0,0,0,0,0
9,10.jpg,1,0,0,1,0,0,0,0,0,0
10,11.jpg,1,0,0,1,0,0,0,0,0,0
11,12.jpg,1,0,0,1,0,0,0,0,0,0
12,13.jpg,1,0,0,1,0,0,0,0,0,0
13,14.jpg,1,0,0,1,0,0,0,0,0,0
14,15.jpg,1,0,0,1,0,0,0,0,0,0
15,16.jpg,1,0,0,1,0,0,0,0,0,0
16,17.jpg,1,0,0,1,0,0,0,0,0,0
17,18.jpg,1,0,0,1,0,0,0,0,0,0
18,19.jpg,1,0,0,1,0,0,0,0,0,0
19,20.jpg,1,0,1,0,0,0,0,0,0,0
20,21.jpg,1,0,1,0,0,0,0,0,0,0
21,22.jpg,1,0,1,0,0,0,0,0,0,0
22,23.jpg,1,0,1,0,1,0,0,0,0,0
23,24.jpg,1,0,1,0,0,0,0,0,0,0
24,25.jpg,1,0,1,0,0,0,0,0,0,0
25,26.jpg,1,0,1,0,1,0,0,0,0,0
26,27.jpg,1,0,1,0,0,0,0,0,0,0
27,28.jpg,1,0,1,0,0,0,0,0,0,0
28,29.jpg,1,0,1,0,1,0,0,0,0,0
29,30.jpg,1,0,1,0,0,0,0,0,0,0
30,31.jpg,1,0,1,0,1,0,0,0,0,0
31,32.jpg,1,0,1,0,1,0,0,0,0,0
32,33.jpg,1,0,1,0,0,0,0,0,0,0
33,34.jpg,1,0,1,0,0,0,0,0,0,0
34,35.jpg,1,0,1,0,0,0,0,0,0,0
35,36.jpg,1,0,1,0,0,0,0,0,0,0
36,37.jpg,1,0,1,0,0,0,0,0,0,0
37,38.jpg,1,0,1,0,1,0,0,0,0,0
38,39.jpg,1,0,1,0,0,0,0,0,0,0
39,40.jpg,1,0,1,0,0,0,0,0,0,0
40,41.jpg,1,0,0,0,0,0,0,0,1,0
41,42.jpg,1,0,0,0,0,0,0,0,1,0
42,43.jpg,1,0,0,0,0,0,0,0,1,0
43,44.jpg,1,0,0,0,0,0,0,0,1,0
44,45.jpg,1,0,0,0,0,0,0,0,1,0
45,46.jpg,1,0,0,0,0,0,0,0,1,0
46,47.jpg,1,0,0,0,0,0,0,0,1,0
47,48.jpg,1,0,0,0,0,0,0,0,1,0
48,49.jpg,1,0,0,0,0,0,0,0,1,0
49,50.jpg,1,0,0,0,0,0,0,0,1,0
50,51.jpg,1,0,0,0,0,0,0,0,1,0
51,52.jpg,1,0,0,0,0,0,0,0,1,0
52,53.jpg,1,0,0,0,0,0,0,0,1,0
53,54.jpg,1,0,0,0,0,0,0,0,1,0
54,55.jpg,1,0,0,0,0,0,0,0,1,0
55,56.jpg,1,0,0,0,0,0,0,0,1,0
56,57.jpg,1,0,0,0,0,0,0,0,1,0
57,58.jpg,1,0,0,0,0,0,0,0,1,0
58,59.jpg,1,0,0,0,0,0,0,0,1,0
59,60.jpg,1,0,0,0,0,0,0,0,1,0
60,61.jpg,1,0,1,0,1,0,0,0,0,0
61,62.jpg,1,0,0,0,1,0,0,0,0,0
62,63.jpg,1,0,0,0,1,0,0,0,0,0
63,64.jpg,1,0,1,0,1,0,0,0,0,0
64,65.jpg,1,0,0,0,1,0,0,0,0,0
65,66.jpg,1,0,0,0,1,0,0,0,0,0
66,67.jpg,1,0,1,0,1,0,0,0,0,0
67,68.jpg,1,0,0,0,1,0,0,0,0,0
68,69.jpg,1,0,0,0,1,0,0,0,0,0
69,70.jpg,1,0,0,0,1,0,0,0,0,0
70,71.jpg,1,0,1,0,1,0,0,0,0,0
71,72.jpg,1,0,1,0,1,0,0,0,0,0
72,73.jpg,1,0,1,0,1,0,0,0,0,0
73,74.jpg,1,0,0,0,1,0,0,0,0,0
74,75.jpg,1,0,0,0,1,0,0,0,0,0
75,76.jpg,1,0,1,0,1,0,0,0,0,0
76,77.jpg,1,0,0,0,1,0,0,0,0,0
77,78.jpg,1,0,0,0,1,0,0,0,0,0
78,79.jpg,1,0,1,0,1,0,0,0,0,0
79,80.jpg,1,0,0,0,1,0,0,0,0,0
80,81.jpg,1,0,0,0,0,1,0,0,0,0
81,82.jpg,1,0,0,0,0,1,0,0,0,0
82,83.jpg,1,0,0,0,0,1,0,0,0,0
83,84.jpg,1,0,0,0,0,1,0,0,0,0
84,85.jpg,1,0,0,0,0,1,0,0,0,0
85,86.jpg,1,0,0,0,0,1,0,0,0,0
86,87.jpg,1,0,0,0,0,1,0,0,0,0
87,88.jpg,1,0,0,0,0,1,0,0,0,0
88,89.jpg,1,0,0,0,0,1,0,0,0,0
89,90.jpg,1,0,0,0,0,1,0,0,0,0
90,91.jpg,1,0,0,0,0,1,0,0,0,0
91,92.jpg,1,0,0,0,0,1,0,0,0,0
92,93.jpg,1,0,0,0,0,1,0,0,0,0
93,94.jpg,1,0,0,0,0,1,0,0,0,0
94,95.jpg,1,0,0,0,0,1,0,0,0,0
95,96.jpg,1,0,0,0,0,1,0,0,0,0
96,97.jpg,1,0,0,0,0,1,0,0,0,0
97,98.jpg,1,0,0,0,0,1,0,0,0,0
98,99.jpg,1,0,0,0,0,1,0,0,0,0
99,100.jpg,1,0,0,0,0,1,0,0,0,0
100,101.jpg,0,1,0,0,0,0,0,0,0,0
101,102.jpg,0,1,0,0,0,0,0,0,0,0
102,103.jpg,0,1,0,0,0,0,0,0,0,0
103,104.jpg,0,1,0,0,0,0,0,0,0,0
104,105.jpg,0,1,0,0,0,0,0,0,0,0
105,106.jpg,0,1,0,0,0,0,1,0,0,0
106,107.jpg,0,1,0,0,0,0,0,0,0,0
107,108.jpg,0,1,0,0,0,0,0,0,0,0
108,109.jpg,0,1,0,0,0,1,0,0,0,0
109,110.jpg,0,1,0,0,0,0,0,0,0,0
110,111.jpg,0,1,0,0,0,0,0,0,0,0
111,112.jpg,0,1,0,0,0,0,0,0,0,0
112,113.jpg,0,1,0,0,0,0,0,0,0,0
113,114.jpg,0,1,0,0,0,0,0,0,0,0
114,115.jpg,0,1,0,0,0,0,0,0,0,0
115,116.jpg,0,1,0,0,0,0,0,0,0,1
116,117.jpg,0,1,0,0,0,0,0,0,0,1
117,118.jpg,0,1,0,0,0,0,0,0,0,1
118,119.jpg,0,1,0,0,0,0,0,0,0,1
119,120.jpg,0,1,0,0,0,0,0,0,0,1
120,121.jpg,0,1,0,0,0,0,0,0,0,1
121,122.jpg,0,1,0,0,0,0,0,0,0,1
122,123.jpg,0,1,0,0,0,0,0,0,0,1
123,124.jpg,0,1,0,0,0,0,0,0,0,1
124,125.jpg,0,1,0,0,0,0,0,0,0,1
125,126.jpg,0,1,0,0,0,0,0,0,0,1
126,127.jpg,0,1,0,0,0,0,0,0,0,1
127,128.jpg,0,1,0,0,0,0,0,0,0,1
128,129.jpg,0,1,0,0,0,0,0,0,0,1
129,130.jpg,0,1,0,0,0,0,0,0,0,1
130,131.jpg,0,1,0,0,0,0,0,0,0,1
131,132.jpg,0,1,0,0,0,0,0,1,0,0
132,133.jpg,0,1,0,0,0,0,0,1,0,0
133,134.jpg,0,1,0,0,0,0,0,1,0,0
134,135.jpg,0,1,0,0,0,0,0,1,0,0
135,136.jpg,0,1,0,0,0,0,0,1,0,0
136,137.jpg,0,1,0,0,0,0,0,1,0,0
137,138.jpg,0,1,0,0,0,0,0,1,0,0
138,139.jpg,0,1,0,0,0,0,0,1,0,0
139,140.jpg,0,1,0,0,0,0,0,1,0,0
140,141.jpg,0,1,0,0,0,0,0,1,0,0
141,142.jpg,0,1,0,0,0,0,0,1,0,0
142,143.jpg,0,1,0,0,0,0,0,1,0,0
143,144.jpg,0,1,0,0,0,0,0,1,0,0
144,145.jpg,0,1,0,0,0,0,0,1,0,0
145,146.jpg,0,1,0,0,0,0,0,0,0,0
146,147.jpg,0,1,0,0,0,0,0,0,0,0
147,148.jpg,0,1,0,0,0,0,0,0,1,0
148,149.jpg,0,1,0,0,0,0,0,0,1,0
149,150.jpg,0,1,0,0,0,0,0,0,1,0
150,151.jpg,0,1,0,0,0,0,0,0,1,0
151,152.jpg,0,1,0,0,0,0,0,0,1,0
152,153.jpg,0,1,0,0,0,0,0,0,1,0
153,154.jpg,0,1,0,0,0,0,0,0,1,0
154,155.jpg,0,1,0,0,0,0,0,0,1,0
155,156.jpg,0,1,0,0,0,0,0,0,1,0
156,157.jpg,0,1,0,0,0,0,0,0,1,0
157,158.jpg,0,1,0,0,0,0,0,0,1,0
158,159.jpg,0,1,0,0,0,0,0,0,1,0
159,160.jpg,0,1,0,0,0,0,0,0,1,0
160,161.jpg,0,1,0,0,0,0,0,0,1,0
161,162.jpg,0,1,0,0,0,0,0,0,1,0
162,163.jpg,0,1,0,0,0,0,0,0,1,0
163,164.jpg,0,1,0,0,0,0,0,0,1,0
164,165.jpg,0,1,0,0,0,0,0,0,1,0
165,166.jpg,0,1,0,0,0,0,1,0,0,0
166,167.jpg,0,1,0,0,0,0,1,0,0,0
167,168.jpg,0,1,0,0,0,0,1,0,0,0
168,169.jpg,0,1,0,0,0,0,1,0,0,0
169,170.jpg,0,1,0,0,0,0,1,0,0,0
170,171.jpg,0,1,0,0,0,0,1,0,0,0
171,172.jpg,0,1,0,0,0,0,1,0,0,0
172,173.jpg,0,1,0,0,0,0,1,0,0,0
173,174.jpg,0,1,0,0,0,0,1,0,0,0
174,175.jpg,0,1,0,0,0,0,1,0,0,0
175,176.jpg,0,1,0,0,0,0,1,0,0,0
176,177.jpg,0,1,0,0,0,0,1,0,0,0
177,178.jpg,0,1,0,0,0,0,1,0,0,0
178,179.jpg,0,1,0,0,0,0,1,0,0,0
179,180.jpg,0,1,0,0,0,0,1,0,0,0
180,181.jpg,0,1,0,0,0,0,1,0,0,0
181,182.jpg,0,1,0,0,0,0,1,0,0,0
182,183.jpg,0,1,0,0,0,0,1,0,0,0
183,184.jpg,0,1,0,0,0,0,1,0,0,0
184,185.jpg,0,1,0,0,0,1,0,0,0,0
185,186.jpg,0,1,0,0,0,1,0,0,0,0
186,187.jpg,0,1,0,0,0,1,0,0,0,0
187,188.jpg,0,1,0,0,0,1,0,0,0,0
188,189.jpg,0,1,0,0,0,1,0,0,0,0
189,190.jpg,0,1,0,0,0,1,0,0,0,0
190,191.jpg,0,1,0,0,0,1,0,0,0,0
191,192.jpg,0,1,0,0,0,1,0,0,0,0
192,193.jpg,0,1,0,0,0,1,0,0,0,0
193,194.jpg,0,1,0,0,0,1,0,0,0,0
194,195.jpg,0,1,0,0,0,1,0,0,0,0
195,196.jpg,0,1,0,0,0,1,0,0,0,0
196,197.jpg,0,1,0,0,0,1,0,0,0,0
197,198.jpg,0,1,0,0,0,1,0,0,0,0
198,199.jpg,0,1,0,0,0,1,0,0,0,0
199,200.jpg,0,1,0,0,0,1,0,0,0,0
200,201.jpg,0,1,0,0,0,0,1,0,0,0
201,202.jpg,0,1,0,0,0,0,1,0,0,0
202,203.jpg,0,1,0,0,0,0,0,0,0,0
203,204.jpg,0,1,0,0,0,0,1,0,0,0
204,205.jpg,0,1,0,0,0,0,1,0,0,0
205,206.jpg,0,1,0,0,0,0,1,0,0,0
206,207.jpg,0,1,0,0,0,0,1,0,0,0
207,208.jpg,0,1,0,0,0,0,0,0,0,0
208,209.jpg,0,1,0,0,0,0,0,0,0,0
209,210.jpg,0,1,0,0,0,0,0,1,0,0
210,211.jpg,0,1,0,0,0,0,1,0,0,0
211,212.jpg,0,1,0,0,0,0,1,0,0,0
212,213.jpg,0,1,0,0,0,0,0,0,0,0
213,214.jpg,0,1,0,0,0,0,0,0,0,0
214,215.jpg,0,1,0,0,0,0,0,0,0,0
215,216.jpg,0,1,0,0,0,0,1,0,0,0
216,217.jpg,0,1,0,0,0,0,0,0,0,0
217,218.jpg,0,1,0,0,0,0,0,0,0,0
218,219.jpg,1,0,0,1,0,0,0,0,0,0
219,220.jpg,1,0,0,1,0,0,0,0,0,0
220,221.jpg,0,1,0,0,0,0,0,1,0,0
221,222.jpg,0,1,0,0,0,0,0,1,0,0
222,223.jpg,0,1,0,0,0,0,0,1,0,0
223,224.jpg,0,1,0,0,0,0,0,0,0,0
224,225.jpg,0,1,0,0,0,0,0,0,0,0
225,226.jpg,0,1,0,0,0,0,0,1,0,0
226,227.jpg,0,1,0,0,0,0,0,0,0,0
227,228.jpg,0,1,0,0,0,0,0,1,0,0
228,229.jpg,0,1,0,0,0,0,0,1,0,0
229,230.jpg,0,1,0,0,0,0,0,1,0,0
230,231.jpg,0,1,0,0,0,0,1,0,0,0
231,232.jpg,0,1,0,0,0,0,1,0,0,0
232,233.jpg,0,1,0,0,0,0,1,0,0,0
233,234.jpg,0,1,0,0,0,0,1,0,0,0
234,235.jpg,0,1,0,0,0,0,1,0,0,0
235,236.jpg,0,1,0,0,0,0,1,0,0,0
236,237.jpg,0,1,0,0,0,0,1,0,0,0
237,238.jpg,0,1,0,0,0,0,1,0,0,0
238,239.jpg,0,1,0,0,0,0,1,0,0,0
239,240.jpg,0,1,0,0,0,0,1,0,0,0
240,241.jpg,0,1,0,0,0,0,1,0,0,0
241,242.jpg,0,1,0,0,0,0,1,0,0,0
242,243.jpg,0,1,0,0,0,0,0,0,0,0
243,244.jpg,0,1,0,0,0,0,1,0,0,0
244,245.jpg,0,1,0,0,0,0,0,0,0,0
245,246.jpg,0,1,0,0,0,0,0,0,1,0
246,247.jpg,0,1,0,0,0,0,0,0,0,0
247,248.jpg,0,1,0,0,0,0,0,0,0,0
248,249.jpg,0,1,0,0,0,0,0,0,1,0
249,250.jpg,0,1,0,0,0,0,0,0,0,0
250,251.jpg,0,1,0,0,0,0,0,0,0,0
251,252.jpg,0,1,0,0,0,0,0,0,0,0
252,253.jpg,0,1,0,0,0,0,0,0,0,0
253,254.jpg,0,1,0,0,0,0,0,0,0,0
254,255.jpg,0,1,0,0,0,0,0,0,0,0
255,256.jpg,0,1,0,0,0,0,0,0,0,1
256,257.jpg,0,1,0,0,0,0,0,0,0,1
257,258.jpg,0,1,0,0,0,0,0,0,0,0
258,259.jpg,0,1,0,0,0,0,0,0,0,0
259,260.jpg,0,1,0,0,0,0,0,1,0,0
260,261.jpg,0,1,0,0,0,0,1,0,0,0
261,262.jpg,0,1,0,0,0,0,1,0,0,0
262,263.jpg,0,1,0,0,0,0,1,0,0,0
263,264.jpg,0,1,0,0,0,0,1,0,0,0
264,265.jpg,0,1,0,0,0,0,1,0,0,0
265,266.jpg,0,1,0,0,0,0,0,0,1,0
266,267.jpg,0,1,0,0,0,0,0,0,1,0
267,268.jpg,0,1,0,0,0,0,0,0,0,0
268,269.jpg,0,1,0,0,0,0,1,0,0,0
269,270.jpg,0,1,0,0,0,0,0,0,0,0
270,271.jpg,0,1,0,0,0,0,0,0,0,0
271,272.jpg,0,1,0,0,0,0,0,1,0,0
272,273.jpg,0,1,0,0,0,0,0,1,0,0
273,274.jpg,0,1,0,0,0,0,0,1,0,0
274,275.jpg,0,1,0,0,0,0,0,1,0,0
275,276.jpg,1,0,1,0,0,0,0,0,0,0
276,277.jpg,1,0,1,0,1,0,0,0,0,0
277,278.jpg,1,0,0,1,0,0,0,0,0,0
278,279.jpg,0,1,0,0,0,0,0,1,0,0
279,280.jpg,0,1,0,0,0,0,0,1,0,0
280,281.jpg,0,1,0,0,0,0,0,1,0,0
281,282.jpg,1,0,1,0,0,0,0,0,0,0
282,283.jpg,1,0,1,0,0,0,0,0,0,0
283,284.jpg,1,0,1,0,0,0,0,0,0,0
284,285.jpg,1,0,1,0,0,1,0,0,0,0
285,286.jpg,1,0,0,1,0,0,0,0,0,0
286,287.jpg,1,0,0,1,0,0,0,0,0,0
287,288.jpg,1,0,1,0,0,0,0,0,0,0
288,289.jpg,1,0,1,0,1,0,0,0,0,0
289,290.jpg,1,0,0,1,0,0,0,0,0,0
290,291.jpg,1,0,0,1,0,0,0,0,0,0
291,292.jpg,1,0,0,1,0,0,0,0,0,0
292,293.jpg,1,0,1,0,0,0,0,0,0,0
293,294.jpg,1,0,1,0,0,0,0,0,0,0
294,295.jpg,1,0,1,0,0,1,0,0,0,0
295,296.jpg,1,0,1,0,0,0,0,0,0,0
296,297.jpg,1,0,0,1,0,0,0,0,0,0
297,298.jpg,1,0,1,0,0,0,0,0,0,0
298,299.jpg,1,0,0,1,0,0,0,0,0,0
299,300.jpg,1,0,0,1,0,0,0,0,0,0
300,301.jpg,1,0,1,0,0,0,0,0,0,0
301,302.jpg,1,0,0,0,0,1,0,0,0,0
302,303.jpg,1,0,0,1,0,0,0,0,0,0
303,304.jpg,1,0,0,1,0,0,0,0,0,0
304,305.jpg,1,0,0,1,0,0,0,0,0,0
305,306.jpg,0,1,0,0,0,0,0,0,1,0
306,307.jpg,0,1,0,0,0,0,0,0,1,0
307,308.jpg,0,1,0,0,0,0,0,0,1,0
308,309.jpg,0,1,0,0,0,0,0,0,1,0
309,310.jpg,0,1,0,0,0,0,0,0,1,0
310,311.jpg,0,1,0,0,0,1,0,0,0,0
311,312.jpg,0,1,0,0,0,1,0,0,0,0
312,313.jpg,0,1,0,0,0,1,0,0,0,0
313,314.jpg,0,1,0,0,0,1,0,0,0,0
314,315.jpg,0,1,0,0,0,1,0,0,0,0
315,316.jpg,0,1,0,0,0,1,0,0,0,0
316,317.jpg,0,1,0,0,0,0,0,0,0,1
317,318.jpg,0,1,0,0,0,0,0,0,0,1
318,319.jpg,0,1,0,0,0,0,0,0,0,1
319,320.jpg,0,1,0,0,0,0,0,0,0,1
320,321.jpg,0,1,0,0,0,0,0,0,0,1
321,322.jpg,0,1,0,0,0,0,0,0,0,1
322,323.jpg,0,1,0,0,0,0,0,0,0,1
323,324.jpg,0,1,0,0,0,0,0,0,0,1
324,325.jpg,0,1,0,0,0,0,0,0,0,1
325,326.jpg,0,1,0,0,0,0,0,0,0,1
326,327.jpg,0,1,0,0,0,0,0,0,0,1
327,328.jpg,0,1,0,0,0,0,0,0,0,1
328,329.jpg,0,1,0,0,0,0,0,0,0,1
329,330.jpg,0,1,0,0,0,0,0,0,0,1
330,331.jpg,0,1,0,0,0,0,0,0,0,1
331,332.jpg,0,1,0,0,0,0,0,0,0,1
332,333.jpg,0,1,0,0,0,0,0,0,0,1
333,334.jpg,0,1,0,0,0,0,0,0,0,1
334,335.jpg,0,1,0,0,0,0,0,0,0,1
335,336.jpg,1,0,1,0,0,0,0,0,0,0
336,337.jpg,1,0,0,1,0,0,0,0,0,0
337,338.jpg,1,0,1,0,0,0,0,0,0,0
338,339.jpg,1,0,0,1,0,0,0,0,0,0
339,340.jpg,1,0,0,1,0,1,0,0,0,0
340,341.jpg,1,0,0,1,0,0,0,0,0,0
341,342.jpg,1,0,0,1,0,0,0,0,0,0
342,343.jpg,1,0,0,1,0,0,0,0,0,0
343,344.jpg,1,0,0,1,0,0,0,0,0,0
344,345.jpg,1,0,0,1,0,0,0,0,0,0
345,346.jpg,1,0,1,0,0,0,0,0,0,0
346,347.jpg,1,0,1,0,0,0,0,0,0,0
347,348.jpg,1,0,0,1,0,0,0,0,0,0
348,349.jpg,1,0,1,0,0,0,0,0,0,0
349,350.jpg,1,0,1,0,0,0,0,0,0,0
350,351.jpg,1,0,1,0,0,0,0,0,0,0
351,352.jpg,1,0,1,0,0,0,0,0,0,0
352,353.jpg,1,0,0,0,1,0,0,0,0,0
353,354.jpg,1,0,0,0,1,0,0,0,0,0
354,355.jpg,1,0,0,0,1,0,0,0,0,0
355,356.jpg,1,0,0,0,1,0,0,0,0,0
356,357.jpg,1,0,0,0,1,0,0,0,0,0
357,358.jpg,1,0,1,0,0,0,0,0,0,0
358,359.jpg,1,0,1,0,0,0,0,0,0,0
359,360.jpg,1,0,1,0,0,1,0,0,0,0
360,361.jpg,1,0,1,0,0,1,0,0,0,0
361,362.jpg,1,0,0,1,0,0,0,0,0,0
362,363.jpg,1,0,0,1,0,0,0,0,0,0
363,364.jpg,1,0,0,1,0,1,0,0,0,0
364,365.jpg,1,0,0,0,1,0,0,0,0,0
365,366.jpg,1,0,0,0,0,0,0,0,1,0
366,367.jpg,1,0,0,0,0,0,0,0,1,0
367,368.jpg,1,0,0,0,0,1,0,0,0,0
368,369.jpg,1,0,0,1,0,1,0,0,0,0
369,370.jpg,1,0,0,0,0,0,0,0,1,0
370,371.jpg,1,0,1,0,0,1,0,0,0,0
371,372.jpg,1,0,0,0,0,0,0,0,1,0
372,373.jpg,1,0,0,1,0,1,0,0,0,0
373,374.jpg,1,0,0,0,0,0,0,0,1,0
374,375.jpg,1,0,0,0,0,1,0,0,0,0
375,376.jpg,1,0,0,0,1,0,0,0,0,0
376,377.jpg,1,0,0,0,0,0,0,0,1,0
377,378.jpg,1,0,0,0,1,0,0,0,0,0
378,379.jpg,1,0,0,0,0,1,0,0,0,0
379,380.jpg,1,0,0,0,1,0,0,0,0,0
380,381.jpg,1,0,0,0,1,0,0,0,0,0
381,382.jpg,1,0,0,0,0,0,0,0,1,0
382,383.jpg,1,0,0,0,1,0,0,0,0,0
383,384.jpg,1,0,0,0,1,0,0,0,0,0
384,385.jpg,1,0,1,0,0,1,0,0,0,0
385,386.jpg,1,0,1,0,0,1,0,0,0,0
386,387.jpg,1,0,0,0,1,0,0,0,0,0
387,388.jpg,1,0,0,0,1,0,0,0,0,0
388,389.jpg,1,0,0,0,0,0,0,0,1,0
389,390.jpg,1,0,0,0,0,0,0,0,1,0
390,391.jpg,1,0,0,0,0,1,0,0,0,0
391,392.jpg,1,0,0,0,0,0,0,0,1,0
392,393.jpg,1,0,0,0,0,0,0,0,1,0
393,394.jpg,1,0,0,0,0,0,0,0,1,0
394,395.jpg,1,0,1,0,0,1,0,0,0,0
395,396.jpg,1,0,0,0,1,0,0,0,0,0
396,397.jpg,1,0,0,0,1,0,0,0,0,0
397,398.jpg,1,0,0,0,1,0,0,0,0,0
398,399.jpg,1,0,0,0,0,0,0,0,1,0
399,400.jpg,1,0,0,0,1,0,0,0,0,0
400,401.jpg,0,1,0,0,0,0,0,0,0,1
401,402.jpg,0,1,0,0,0,0,0,0,0,0
402,403.jpg,0,1,0,0,0,0,1,0,0,0
403,404.jpg,1,0,0,0,0,1,0,0,0,0
404,405.jpg,0,1,0,0,0,1,0,0,0,0
405,406.jpg,1,0,0,0,0,1,0,0,0,0
406,407.jpg,0,1,0,0,0,0,1,0,0,0
407,408.jpg,1,0,0,0,0,1,0,0,0,0
408,409.jpg,0,1,0,0,0,0,1,0,0,0
409,410.jpg,1,0,0,1,0,0,0,0,0,0
410,411.jpg,0,1,0,0,0,0,0,1,0,0
411,412.jpg,0,1,0,0,0,0,0,0,1,0
412,413.jpg,1,0,0,0,0,0,0,0,0,0
413,414.jpg,0,1,0,0,0,0,0,0,0,1
414,415.jpg,1,0,1,0,1,0,0,0,0,0
415,416.jpg,1,0,0,0,0,0,0,0,1,0
416,417.jpg,1,0,0,0,1,0,0,0,0,0
417,418.jpg,1,0,0,0,0,0,0,0,0,0
418,419.jpg,0,1,0,0,0,0,1,0,0,0
419,420.jpg,0,1,0,0,0,0,1,0,0,0
420,421.jpg,0,1,0,0,0,0,1,0,0,0
421,422.jpg,0,1,0,0,0,0,0,1,0,0
422,423.jpg,0,1,0,0,0,0,0,1,0,0
423,424.jpg,0,1,0,0,0,0,0,1,0,0
424,425.jpg,0,1,0,0,0,0,0,0,0,1
425,426.jpg,0,1,0,0,0,0,0,1,0,0
426,427.jpg,1,0,1,0,0,0,0,0,0,0
427,428.jpg,0,1,0,0,0,0,0,0,0,0
428,429.jpg,1,0,0,0,0,1,0,0,0,0
429,430.jpg,0,1,0,0,0,1,0,0,0,0
430,431.jpg,0,1,0,0,0,1,0,0,0,0
431,432.jpg,1,0,0,0,0,0,0,0,1,0
432,433.jpg,1,0,0,0,0,1,0,0,0,0
433,434.jpg,1,0,1,0,0,0,0,0,0,0
434,435.jpg,1,0,0,0,1,0,0,0,0,0
435,436.jpg,1,0,0,0,1,0,0,0,0,0
436,437.jpg,0,1,0,0,0,0,0,1,0,0
437,438.jpg,0,1,0,0,0,0,0,1,0,0
438,439.jpg,0,1,0,0,0,0,0,1,0,0
439,440.jpg,0,1,0,0,0,0,0,1,0,0
440,441.jpg,0,1,0,0,0,0,1,0,0,0
441,442.jpg,0,1,0,0,0,0,1,0,0,0
442,443.jpg,0,1,0,0,0,0,1,0,0,0
443,444.jpg,0,1,0,0,0,0,1,0,0,0
444,445.jpg,0,1,0,0,0,0,0,0,0,1
445,446.jpg,0,1,0,0,0,0,0,0,0,1
446,447.jpg,0,1,0,0,0,0,0,0,0,0
447,448.jpg,0,1,0,0,0,0,0,0,1,0
448,449.jpg,0,1,0,0,0,0,0,0,1,0
449,450.jpg,1,0,0,0,0,0,0,0,0,0
450,451.jpg,0,1,0,0,0,0,0,0,0,1
451,452.jpg,0,1,0,0,0,0,0,0,0,1
452,453.jpg,1,0,1,0,0,0,0,0,0,0
453,454.jpg,1,0,0,1,0,0,0,0,0,0
454,455.jpg,0,1,0,0,0,0,0,1,0,0
455,456.jpg,0,1,0,0,0,0,0,0,0,1
456,457.jpg,1,0,0,0,0,0,0,0,1,0
457,458.jpg,1,0,0,0,0,0,0,0,1,0
458,459.jpg,1,0,0,0,0,0,0,0,1,0
459,460.jpg,1,0,0,0,1,0,0,0,0,0
460,461.jpg,1,0,0,0,0,0,0,0,1,0
461,462.jpg,1,0,1,0,0,0,0,0,0,0
462,463.jpg,1,0,0,0,0,1,0,0,0,0
463,464.jpg,1,0,1,0,0,0,0,0,0,0
464,465.jpg,1,0,0,1,0,0,0,0,0,0
465,466.jpg,1,0,0,1,0,0,0,0,0,0
466,467.jpg,1,0,0,0,0,1,0,0,0,0
467,468.jpg,0,1,0,0,0,0,0,1,0,0
468,469.jpg,1,0,1,0,1,0,0,0,0,0
469,470.jpg,1,0,0,0,0,0,0,0,1,0
470,471.jpg,1,0,0,0,0,0,0,0,1,0
471,472.jpg,1,0,0,0,0,0,0,0,1,0
472,473.jpg,0,1,0,0,0,0,0,0,1,0
473,474.jpg,1,0,0,0,0,1,0,0,0,0
474,475.jpg,1,0,0,0,0,1,0,0,0,0
475,476.jpg,0,1,0,0,0,0,1,0,0,0
476,477.jpg,0,1,0,0,0,0,1,0,0,0
477,478.jpg,0,1,0,0,0,0,0,0,1,0
478,479.jpg,0,1,0,0,0,0,0,1,0,0
479,480.jpg,0,1,0,0,0,0,0,0,1,0
480,481.jpg,0,1,0,0,0,0,0,1,0,0
481,482.jpg,0,1,0,0,0,0,1,0,0,0
482,483.jpg,0,1,0,0,0,1,0,0,0,0
483,484.jpg,1,0,0,0,0,0,0,0,0,0
484,485.jpg,0,1,0,0,0,0,0,0,0,1
485,486.jpg,0,1,0,0,0,0,0,1,0,0
486,487.jpg,1,0,0,0,1,0,0,0,0,0
487,488.jpg,0,1,0,0,0,0,1,0,0,0
488,489.jpg,0,1,0,0,0,0,0,0,1,0
489,490.jpg,1,0,1,0,1,0,0,0,0,0
490,491.jpg,1,0,0,1,0,0,0,0,0,0
491,492.jpg,1,0,0,1,0,0,0,0,0,0
492,493.jpg,1,0,0,1,0,0,0,0,0,0
493,494.jpg,0,1,0,0,0,0,0,0,1,0
494,495.jpg,0,1,0,0,0,0,1,0,0,0
495,496.jpg,0,1,0,0,0,0,0,0,0,1
496,497.jpg,1,0,0,0,0,1,0,0,0,0
497,498.jpg,1,0,0,0,0,1,0,0,0,0
498,499.jpg,1,0,0,0,0,1,0,0,0,0
499,500.jpg,1,0,0,1,0,0,0,0,0,0
500,501.jpg,1,0,1,0,1,0,0,0,0,0
501,502.jpg,1,0,1,0,1,0,0,0,0,0
502,503.jpg,1,0,0,0,1,1,0,0,0,0
503,504.jpg,1,0,1,0,0,1,0,0,0,0
504,505.jpg,0,1,0,0,0,1,0,0,0,0
505,506.jpg,0,1,0,0,0,1,0,0,0,0
506,507.jpg,0,1,0,0,0,0,0,0,0,0
507,508.jpg,0,1,0,0,0,0,0,0,0,1
508,509.jpg,0,1,0,0,0,0,0,0,0,1
509,510.jpg,0,1,0,0,0,0,0,0,0,1
510,511.jpg,0,1,0,0,0,0,0,0,0,0
511,512.jpg,0,1,0,0,0,1,0,0,0,0
512,513.jpg,0,1,0,0,0,1,0,0,0,0
513,514.jpg,0,1,0,0,0,0,0,0,0,0
514,515.jpg,0,1,0,0,0,0,0,0,0,0
515,516.jpg,0,1,0,0,0,0,0,0,1,0
516,517.jpg,0,1,0,0,0,1,0,0,0,0
517,518.jpg,0,1,0,0,0,0,0,1,0,0
518,519.jpg,0,1,0,0,0,0,0,1,0,0
519,520.jpg,0,1,0,0,0,0,1,0,0,0
520,521.jpg,0,1,0,0,0,0,1,0,0,0
521,522.jpg,1,0,1,0,0,0,0,0,0,0
522,523.jpg,1,0,0,0,1,0,0,0,0,0
523,524.jpg,1,0,0,0,1,0,0,0,0,0
524,525.jpg,1,0,0,0,1,0,0,0,0,0
525,526.jpg,0,1,0,0,0,0,0,1,0,0
526,527.jpg,1,0,0,0,1,0,0,0,0,0
527,528.jpg,1,0,0,0,1,0,0,0,0,0
528,529.jpg,1,0,1,0,0,0,0,0,0,0
529,530.jpg,1,0,1,0,0,0,0,0,0,0
530,531.jpg,1,0,0,0,1,0,0,0,0,0
531,532.jpg,1,0,0,0,1,0,0,0,0,0
532,533.jpg,1,0,1,0,1,0,0,0,0,0
533,534.jpg,1,0,1,0,0,0,0,0,0,0
534,535.jpg,1,0,0,0,1,0,0,0,0,0
535,536.jpg,1,0,1,0,1,0,0,0,0,0
536,537.jpg,1,0,1,0,1,0,0,0,0,0
537,538.jpg,0,1,0,0,0,0,1,0,0,0
538,539.jpg,1,0,0,0,1,0,0,0,0,0
539,540.jpg,1,0,0,1,0,0,0,0,0,0
540,541.jpg,1,0,0,1,0,0,0,0,0,0
541,542.jpg,1,0,0,1,0,0,0,0,0,0
542,543.jpg,1,0,0,1,0,0,0,0,0,0
543,544.jpg,1,0,0,1,0,0,0,0,0,0
544,545.jpg,1,0,0,1,0,0,0,0,0,0
545,546.jpg,1,0,0,1,0,0,0,0,0,0
546,547.jpg,1,0,0,1,0,0,0,0,0,0
547,548.jpg,1,0,0,1,0,0,0,0,0,0
548,549.jpg,1,0,0,0,0,0,0,0,1,0
549,550.jpg,0,1,0,0,0,0,0,0,0,1
550,551.jpg,1,0,0,0,1,0,0,0,0,0
551,552.jpg,1,0,0,0,1,0,0,0,0,0
552,553.jpg,1,0,0,0,0,0,0,0,1,0
553,554.jpg,1,0,0,0,0,0,0,0,1,0
554,555.jpg,0,1,0,0,0,0,1,0,0,0
555,556.jpg,0,1,0,0,0,0,0,0,0,0
556,557.jpg,1,0,1,0,0,0,0,0,0,0
557,558.jpg,1,0,1,0,0,0,0,0,0,0
558,559.jpg,1,0,0,0,0,0,0,0,1,0
559,560.jpg,1,0,1,0,0,0,0,0,0,0
560,561.jpg,0,1,0,0,0,0,0,1,0,0
561,562.jpg,1,0,0,0,0,0,0,0,1,0
562,563.jpg,1,0,0,0,0,0,0,0,1,0
563,564.jpg,1,0,0,0,0,1,0,0,0,0
564,565.jpg,1,0,0,0,0,1,0,0,0,0
565,566.jpg,1,0,0,0,0,1,0,0,0,0
566,567.jpg,1,0,0,0,0,0,0,0,1,0
567,568.jpg,1,0,0,0,0,0,0,0,0,0
568,569.jpg,1,0,0,0,0,1,0,0,0,0
569,570.jpg,1,0,0,1,0,0,0,0,0,0
570,571.jpg,1,0,0,1,0,0,0,0,0,0
571,572.jpg,1,0,1,0,0,0,0,0,0,0
572,573.jpg,0,1,0,0,0,0,1,0,0,0
573,574.jpg,0,1,0,0,0,0,0,0,0,0
574,575.jpg,0,1,0,0,0,0,0,0,0,0
575,576.jpg,0,1,0,0,0,0,0,0,0,1
576,577.jpg,0,1,0,0,0,0,0,0,1,0
577,578.jpg,0,1,0,0,0,0,0,0,0,0
578,579.jpg,0,1,0,0,0,0,0,0,0,1
579,580.jpg,0,1,0,0,0,0,0,0,0,1
580,581.jpg,0,1,0,0,0,0,0,1,0,0
581,582.jpg,1,0,1,0,0,0,0,0,0,0
582,583.jpg,1,0,1,0,0,0,0,0,0,0
583,584.jpg,0,1,0,0,0,0,0,1,0,0
584,585.jpg,1,0,1,0,1,0,0,0,0,0
585,586.jpg,1,0,1,0,0,1,0,0,0,0
586,587.jpg,1,0,0,1,0,0,0,0,0,0
587,588.jpg,1,0,0,0,0,0,0,0,0,0
588,589.jpg,0,1,0,0,0,0,0,0,0,1
589,590.jpg,1,0,0,0,0,0,0,0,0,0
590,591.jpg,0,1,0,0,0,0,0,0,1,0
591,592.jpg,0,1,0,0,0,0,0,0,1,0
592,593.jpg,0,1,0,0,0,1,0,0,0,0
593,594.jpg,0,1,0,0,0,1,0,0,0,0
594,595.jpg,0,1,0,0,0,1,0,0,0,0
595,596.jpg,0,1,0,0,0,0,0,0,1,0
596,597.jpg,0,1,0,0,0,1,0,0,0,0
597,598.jpg,0,1,0,0,0,1,0,0,0,0
598,599.jpg,0,1,0,0,0,0,0,0,1,0
599,600.jpg,0,1,0,0,0,0,0,0,1,0
600,601.jpg,1,0,0,1,0,0,0,0,0,0
601,602.jpg,1,0,0,1,0,0,0,0,0,0
602,603.jpg,1,0,0,1,0,0,0,0,0,0
603,604.jpg,1,0,0,1,0,0,0,0,0,0
604,605.jpg,1,0,0,1,0,0,0,0,0,0
605,606.jpg,1,0,1,0,0,0,0,0,0,0
606,607.jpg,1,0,1,0,0,0,0,0,0,0
607,608.jpg,1,0,1,0,0,0,0,0,0,0
608,609.jpg,1,0,1,0,0,0,0,0,0,0
609,610.jpg,1,0,1,0,0,0,0,0,0,0
610,611.jpg,1,0,0,0,0,0,0,0,1,0
611,612.jpg,1,0,0,0,0,0,0,0,1,0
612,613.jpg,1,0,0,0,0,0,0,0,1,0
613,614.jpg,1,0,0,0,0,0,0,0,1,0
614,615.jpg,1,0,0,0,0,0,0,0,1,0
615,616.jpg,1,0,0,0,1,0,0,0,0,0
616,617.jpg,1,0,0,0,1,0,0,0,0,0
617,618.jpg,1,0,0,0,1,0,0,0,0,0
618,619.jpg,1,0,0,0,1,0,0,0,0,0
619,620.jpg,1,0,0,0,1,0,0,0,0,0
620,621.jpg,0,1,0,0,0,0,0,0,0,0
621,622.jpg,0,1,0,0,0,0,0,0,0,0
622,623.jpg,0,1,0,0,0,0,0,0,0,1
623,624.jpg,0,1,0,0,0,0,0,0,0,1
624,625.jpg,0,1,0,0,0,0,0,0,0,1
625,626.jpg,0,1,0,0,0,0,0,0,0,1
626,627.jpg,0,1,0,0,0,0,0,1,0,0
627,628.jpg,0,1,0,0,0,0,0,1,0,0
628,629.jpg,0,1,0,0,0,0,0,1,0,0
629,630.jpg,0,1,0,0,0,0,0,1,0,0
630,631.jpg,0,1,0,0,0,0,0,0,1,0
631,632.jpg,0,1,0,0,0,0,0,0,1,0
632,633.jpg,0,1,0,0,0,0,0,0,1,0
633,634.jpg,0,1,0,0,0,0,0,0,1,0
634,635.jpg,0,1,0,0,0,0,1,0,0,0
635,636.jpg,0,1,0,0,0,0,1,0,0,0
636,637.jpg,0,1,0,0,0,0,1,0,0,0
637,638.jpg,0,1,0,0,0,0,1,0,0,0
638,639.jpg,0,1,0,0,0,0,1,0,0,0
639,640.jpg,0,1,0,0,0,0,1,0,0,0
640,641.jpg,0,1,0,0,0,1,0,0,0,0
641,642.jpg,0,1,0,0,0,1,0,0,0,0
642,643.jpg,0,1,0,0,0,1,0,0,0,0
643,644.jpg,1,0,1,0,1,0,0,0,0,0
644,645.jpg,1,0,1,0,1,0,0,0,0,0
645,646,0,1,0,0,0,0,1,0,0,0
646,647,0,1,0,0,0,0,1,0,0,0
647,648,0,1,0,0,0,0,1,0,0,0
648,649,0,1,0,0,0,0,1,0,0,0
649,650,0,1,0,0,0,0,0,1,0,0
650,651,0,1,0,0,0,0,0,1,0,0
651,652,0,1,0,0,0,0,0,1,0,0
652,653,0,1,0,0,0,0,1,0,0,0
653,654,0,1,0,0,0,0,1,0,0,0
654,655,0,1,0,0,0,0,1,0,0,0
655,656,0,1,0,0,0,0,1,0,0,0
656,657,0,1,0,0,0,0,1,0,0,0
657,658,0,1,0,0,0,0,1,0,0,0
658,659,0,1,0,0,0,0,1,0,0,0
659,660,0,1,0,0,0,0,1,0,0,0
660,661,0,1,0,0,0,0,0,0,0,0
661,662,0,1,0,0,0,0,0,0,0,0
662,663,0,1,0,0,0,0,0,0,0,0
663,664,0,1,0,0,0,0,0,0,0,0
664,665,0,1,0,0,0,0,0,0,0,0
665,666,0,1,0,0,0,0,0,0,0,0
666,667,0,1,0,0,0,0,0,0,0,0
667,668,0,1,0,0,0,0,1,0,0,0
668,669,0,1,0,0,0,0,1,0,0,0
669,670,0,1,0,0,0,0,1,0,0,0
670,671,0,1,0,0,0,0,0,1,0,0
671,672,1,0,1,0,0,0,0,0,0,0
672,673,0,1,0,0,0,0,0,1,0,0
673,674,0,1,0,0,0,0,0,1,0,0
674,675,1,0,1,0,0,0,0,0,0,0
675,676,1,0,1,0,0,0,0,0,0,0
676,677,1,0,1,0,0,0,0,0,0,0
677,678,1,0,0,0,0,1,0,0,0,0
678,679,1,0,1,0,0,0,0,0,0,0
679,680,1,0,0,0,0,0,1,0,0,0
680,681,1,0,0,1,0,0,0,0,0,0
681,682,1,0,0,0,0,1,0,0,0,0
682,683,1,0,0,1,0,0,0,0,0,0
683,684,1,0,0,1,0,0,0,0,0,0
684,685,0,1,0,0,0,1,0,0,0,0
685,686,0,1,0,0,0,1,0,0,0,0
686,687,0,1,0,0,0,1,0,0,0,0
687,688,0,1,0,0,0,1,0,0,0,0
688,689,0,1,0,0,0,0,0,0,0,1
689,690,0,1,0,0,0,0,0,0,0,1
690,691,0,1,0,0,0,0,0,0,0,1
691,692,0,1,0,0,0,0,0,0,0,1
692,693,0,1,0,0,0,0,0,0,0,1
693,694,0,1,0,0,0,0,0,0,0,1
694,695,0,1,0,0,0,0,0,0,0,1
695,696,0,1,0,0,0,0,0,0,0,1
696,697,0,1,0,0,0,0,0,1,0,0
697,698,0,1,0,0,0,0,0,1,0,0
698,699,0,1,0,0,0,0,0,0,0,1
699,700,0,1,0,0,0,0,0,0,0,1
700,701,0,1,0,0,0,0,0,1,0,0
701,702,0,1,0,0,0,0,0,0,1,0
702,703,0,1,0,0,0,0,0,0,1,0
703,704,1,0,0,1,0,0,0,0,0,0
704,705,0,1,0,0,0,0,1,0,0,0
705,706,1,0,0,1,0,0,0,0,0,0
706,707,1,0,1,0,0,0,0,0,0,0
707,708,1,0,1,0,0,0,0,0,0,0
708,709,1,0,0,0,0,0,0,0,1,0
709,710,1,0,0,0,0,0,0,0,1,0
710,711,1,0,0,0,0,0,0,0,1,0
711,712,1,0,0,0,0,0,0,0,1,0
712,713,1,0,1,0,0,0,0,0,0,0
713,714,1,0,0,0,1,0,0,0,0,0
714,715,1,0,0,1,0,0,0,0,0,0
715,716,1,0,0,0,1,0,0,0,0,0
716,717,1,0,1,0,1,0,0,0,0,0
717,718,1,0,0,0,1,0,0,0,0,0
718,719,1,0,0,0,1,0,0,0,0,0
